"","CAF","Malignant"
"CAF",0,0.0201468173129442
"Malignant",2.6381162891397e-05,0.00669226623544088
