"","CAF","Malignant"
"CAF",0,0.0545520642817469
"Malignant",0,0.0132224741651367
