"","CAF","Macrophage"
"CAF",0,0.0011182024263167
"Macrophage",0,0.000277338159084654
