"","Macrophage","Malignant"
"Macrophage",0.000147292214554754,0.0205099240453778
"Malignant",0,0.00802739472675316
